https://tw.live/cam/?id=TC00062,,,
https://tw.live/cam/?id=TC00058,,,
https://tw.live/cam/?id=TC00042,,,
https://tw.live/cam/?id=TC00063,,,
https://tw.live/cam/?id=TC00015,,,
https://tw.live/cam/?id=TC00001,,,
https://tw.live/cam/?id=TC00003,,,
https://tw.live/cam/?id=TC00048,,,
https://tw.live/cam/?id=TC00002,,,
https://tw.live/cam/?id=TC00024,,,
https://tw.live/cam/?id=TC00049,,,
https://tw.live/cam/?id=TC00012,,,
https://tw.live/cam/?id=TC00021,,,
https://tw.live/cam/?id=TC00060,,,
https://tw.live/cam/?id=TC00005,,,
https://tw.live/cam/?id=TC00006,,,
https://tw.live/cam/?id=TC00007,,,
https://tw.live/cam/?id=TC00016,,,
https://tw.live/cam/?id=TC00025,,,
https://tw.live/cam/?id=TC00026,,,
https://tw.live/cam/?id=TC00154,,,
https://tw.live/cam/?id=TC00037,,,
https://tw.live/cam/?id=TC00020,,,
https://tw.live/cam/?id=TC00011,,,
https://tw.live/cam/?id=TC00013,,,
https://tw.live/cam/?id=TC00032,,,
https://tw.live/cam/?id=TC00028,,,
https://tw.live/cam/?id=TC00045,,,
https://tw.live/cam/?id=TC00030,,,
https://tw.live/cam/?id=TC00050,,,
https://tw.live/cam/?id=TC00035,,,
https://tw.live/cam/?id=TC00031,,,
https://tw.live/cam/?id=TC00022,,,
https://tw.live/cam/?id=TC00010,,,
https://tw.live/cam/?id=TC00009,,,
https://tw.live/cam/?id=TC00054,,,
https://tw.live/cam/?id=TC00036,,,
https://tw.live/cam/?id=TC00008,,,
https://tw.live/cam/?id=TC00055,,,
https://tw.live/cam/?id=TC00146,,,
https://tw.live/cam/?id=TC00147,,,
https://tw.live/cam/?id=TC00148,,,
https://tw.live/cam/?id=TC00149,,,
https://tw.live/cam/?id=TC00150,,,
https://tw.live/cam/?id=TC00151,,,
https://tw.live/cam/?id=TC00152,,,
https://tw.live/cam/?id=TC00153,,,
https://tw.live/cam/?id=TC00129,,,
https://tw.live/cam/?id=TC00071,,,
https://tw.live/cam/?id=TC00136,,,
https://tw.live/cam/?id=TC00141,,,
https://tw.live/cam/?id=TC00142,,,
https://tw.live/cam/?id=TC00145,,,
https://tw.live/cam/?id=TC00180,,,
https://tw.live/cam/?id=TC00181,,,
https://tw.live/cam/?id=TC00182,,,
https://tw.live/cam/?id=TC00098,,,
https://tw.live/cam/?id=TC00120,,,
https://tw.live/cam/?id=TC00121,,,
https://tw.live/cam/?id=TC00067,,,
https://tw.live/cam/?id=TC00069,,,
https://tw.live/cam/?id=TC00178,,,
https://tw.live/cam/?id=TC00080,,,
https://tw.live/cam/?id=TC00064,,,
https://tw.live/cam/?id=TC00065,,,
https://tw.live/cam/?id=TC00066,,,
https://tw.live/cam/?id=TC00107,,,
https://tw.live/cam/?id=TC00109,,,
https://tw.live/cam/?id=TC00114,,,
https://tw.live/cam/?id=TC00099,,,
https://tw.live/cam/?id=TC00094,,,
https://tw.live/cam/?id=TC00104,,,
https://tw.live/cam/?id=TC00103,,,
https://tw.live/cam/?id=TC00088,,,
https://tw.live/cam/?id=TC00075,,,
https://tw.live/cam/?id=TC00087,,,
https://tw.live/cam/?id=TC00085,,,
https://tw.live/cam/?id=TC00081,,,
https://tw.live/cam/?id=TC00134,,,
https://tw.live/cam/?id=TC00135,,,
https://tw.live/cam/?id=TC00137,,,
https://tw.live/cam/?id=TC00139,,,
https://tw.live/cam/?id=TC00140,,,
https://tw.live/cam/?id=TC00143,,,
https://tw.live/cam/?id=TC00144,,,
https://tw.live/cam/?id=TC00226,,,
https://tw.live/cam/?id=TC00115,,,
https://tw.live/cam/?id=TC00116,,,
https://tw.live/cam/?id=TC00102,,,
https://tw.live/cam/?id=TC00113,,,
https://tw.live/cam/?id=TC00192,,,
https://tw.live/cam/?id=TC00224,,,
https://tw.live/cam/?id=TC00221,,,
https://tw.live/cam/?id=TC00219,,,
https://tw.live/cam/?id=TC00220,,,
https://tw.live/cam/?id=TC00222,,,
https://tw.live/cam/?id=TC00018,,,
https://tw.live/cam/?id=TC00223,,,
https://tw.live/cam/?id=TC00203,,,
https://tw.live/cam/?id=TC00202,,,
https://tw.live/cam/?id=TC00208,,,
https://tw.live/cam/?id=TC00225,,,
https://tw.live/cam/?id=TC00194,,,
https://tw.live/cam/?id=TC00214,,,
https://tw.live/cam/?id=TC00197,,,
https://tw.live/cam/?id=TC00205,,,
https://tw.live/cam/?id=TC00193,,,
https://tw.live/cam/?id=TC00204,,,
https://tw.live/cam/?id=TC00128,,,
https://tw.live/cam/?id=TC00210,,,
https://tw.live/cam/?id=TC00127,,,
https://tw.live/cam/?id=TC00131,,,
https://tw.live/cam/?id=TC00211,,,
https://tw.live/cam/?id=TC00212,,,
https://tw.live/cam/?id=TC00170,,,
https://tw.live/cam/?id=TC00215,,,
https://tw.live/cam/?id=TC00184,,,
https://tw.live/cam/?id=TC00183,,,
https://tw.live/cam/?id=TC00191,,,
https://tw.live/cam/?id=TC00171,,,
https://tw.live/cam/?id=TC00217,,,
https://tw.live/cam/?id=TC00206,,,
https://tw.live/cam/?id=TC00213,,,
https://tw.live/cam/?id=TC00174,,,
https://tw.live/cam/?id=TC00044,,,
https://tw.live/cam/?id=TC00218,,,
https://tw.live/cam/?id=TC00186,,,
https://tw.live/cam/?id=TC00162,,,
https://tw.live/cam/?id=TC00216,,,
https://tw.live/cam/?id=TC00163,,,
https://tw.live/cam/?id=TC00160,,,
https://tw.live/cam/?id=TC00159,,,
https://tw.live/cam/?id=TC00166,,,
