https://tw.live/cam/?id=CCTV-33-0110-164-01,台11線164K+200
https://tw.live/cam/?id=CCTV-33-0110-076-01,台11線76K+150
https://tw.live/cam/?id=CCTV-33-0110-162-01,台11線162K+700
https://tw.live/cam/?id=CCTV-33-0110-096-02,台11線96K+600
https://tw.live/cam/?id=CCTV-33-0110-076-02,台11線76K+950
https://tw.live/cam/?id=CCTV-33-0110-172-01,台11線172K+500
https://tw.live/cam/?id=CCTV-33-0110-130-01,台11線130K+700
https://tw.live/cam/?id=CCTV-33-0110-112-01,台11線112K+700
https://tw.live/cam/?id=CCTV-33-0110-110-001,台11線110K+100
https://tw.live/cam/?id=CCTV-33-0110-096-01,台11線96K+100
https://tw.live/cam/?id=CCTV-33-0110-156-002,台11線156K+800
https://tw.live/cam/?id=CCTV-33-0110-161-01,台11線161K+100
https://tw.live/cam/?id=CCTV-33-0110-159-001,台11線159K+800
https://tw.live/cam/?id=CCTV-33-0110-146-01,台11線146K+300
https://tw.live/cam/?id=CCTV-36-0200-208-01,台20線208K+50
https://tw.live/cam/?id=CCTV-36-0200-203-01,台20線203K+100
https://tw.live/cam/?id=CCTV-36-0200-175-01,台20線175K+600
https://tw.live/cam/?id=CCTV-36-0200-202-01,台20線202K+900
https://tw.live/cam/?id=CCTV-36-0200-184-01,台20線184K+700
https://tw.live/cam/?id=CCTV-33-0230-045-01,台23線45K+800
https://tw.live/cam/?id=CCTV-46-0230-016-01,富里鄉縣界東30M東河鄉順樁路側
https://tw.live/cam/?id=CCTV-33-0300-031-001,台30線31K+600
https://tw.live/cam/?id=CCTV-46-0300-028-09,長濱鄉玉長隧道東口
https://tw.live/cam/?id=CCTV-35-009E-005-01,台9戊線5K+200
https://tw.live/cam/?id=CCTV-35-009E-011-01,台9戊線11K+800
https://tw.live/cam/?id=CCTV-35-009E-004-01,台9戊線4K
https://tw.live/cam/?id=CCTV-37-0090-388-01,台9線388K+300
https://tw.live/cam/?id=CCTV-37-0090-391-01,台9線391K+300
https://tw.live/cam/?id=CCTV-37-0090-423-01,台9線423K
https://tw.live/cam/?id=CCTV-36-0090-328-02,台9線328K+600
https://tw.live/cam/?id=CCTV-37-0090-398-02,台9線398K+650
https://tw.live/cam/?id=CCTV-36-0090-330-01,台9線330K+900
https://tw.live/cam/?id=CCTV-33-0090-375-01,台9線375K
https://tw.live/cam/?id=CCTV-33-0090-353-01,台9線353K
https://tw.live/cam/?id=CCTV-37-0090-400-01,台9線400K+500
https://tw.live/cam/?id=CCTV-37-0090-416-01,台9線416K+700
https://tw.live/cam/?id=CCTV-37-0090-398-01,台9線398K+650
https://tw.live/cam/?id=CCTV-33-0090-346-01,台9線346K+800
https://tw.live/cam/?id=CCTV-36-0090-328-01,台9線328K+300
https://tw.live/cam/?id=CCTV-33-0090-341-01,台9線341K+500
https://tw.live/cam/?id=CCTV-37-0090-377-01,台9線377K+500
https://tw.live/cam/?id=CCTV-36-0090-313-01,台9線313K
https://tw.live/cam/?id=CCTV-33-0090-344-01,台9線344K+900
https://tw.live/cam/?id=CCTV-37-0090-397-001,台9線397K+250
https://tw.live/cam/?id=CCTV-37-0090-415-01,台9線415K+800
https://tw.live/cam/?id=CCTV-37-0090-377-02,台9線377K+600
https://tw.live/cam/?id=CCTV-37-0090-397-02,台9線397K+250
https://tw.live/cam/?id=CCTV-36-0090-340-01,台9線340K+800
https://tw.live/cam/?id=CCTV-37-0090-379-01,台9線379K+400
https://tw.live/cam/?id=CCTV-33-0090-359-01,台9線359K
